Book Title,Price,Rating,Price Rank,Rating_Num,PriceRank_Num,Group,Rating Num
The Project,10,★,Low,1,1,LOW,1
The Long Shadow of Small Ghosts: Murder and Memory in an American City,10,★,Low,1,1,LOW,1
Miss Peregrineâs Home for Peculiar Children (Miss Peregrineâs Peculiar Children #1),10,★,Low,1,1,LOW,1
The Lucifer Effect: Understanding How Good People Turn Evil,10,★,Low,1,1,LOW,1
Tastes Like Fear (DI Marnie Rome #3),10,★,Low,1,1,LOW,1
The Restaurant at the End of the Universe (Hitchhiker's Guide to the Galaxy #2),10,★,Low,1,1,LOW,1
Counting Thyme,10,★,Low,1,1,LOW,1
The Argonauts,10,★★,Low,2,1,LOW,2
"Adulthood Is a Myth: A ""Sarah's Scribbles"" Collection",10,★★,Low,2,1,LOW,2
The Fellowship of the Ring (The Lord of the Rings #1),10,★★,Low,2,1,LOW,2
The Tipping Point: How Little Things Can Make a Big Difference,10,★★,Low,2,1,LOW,2
Patience,10,★★★,Low,3,1,LOW,3
Pet Sematary,10,★★★,Low,3,1,LOW,3
A Clash of Kings (A Song of Ice and Fire #2),10,★★★,Low,3,1,LOW,3
Are We There Yet?,10,★★★,Low,3,1,LOW,3
The Complete Maus (Maus #1-2),10,★★★,Low,3,1,LOW,3
I Am Pilgrim (Pilgrim #1),10,★★★★,Low,4,1,LOW,4
"NaNo What Now? Finding your editing process, revising your NaNoWriMo book and building a writing career through publishing and beyond",10,★★★★,Low,4,1,LOW,4
History of Beauty,10,★★★★,Low,4,1,LOW,4
The Origin of Species,10,★★★★,Low,4,1,LOW,4
Green Eggs and Ham (Beginner Books B-16),10,★★★★,Low,4,1,LOW,4
Greek Mythic History,10,★★★★★,Low,5,1,LOW,5
An Abundance of Katherines,10,★★★★★,Low,5,1,LOW,5
Hide Away (Eve Duncan #20),11,★,Low,1,1,LOW,1
Beauty Restored (Riley Family Legacy Novellas #3),11,★★,Low,2,1,LOW,2
My Kitchen Year: 136 Recipes That Saved My Life,11,★★,Low,2,1,LOW,2
Underlying Notes,11,★★,Low,2,1,LOW,2
The 5th Wave (The 5th Wave #1),11,★★,Low,2,1,LOW,2
Lust & Wonder,11,★★,Low,2,1,LOW,2
"The Suffragettes (Little Black Classics, #96)",11,★★,Low,2,1,LOW,2
The Children,11,★★★,Low,3,1,LOW,3
Brilliant Beacons: A History of the American Lighthouse,11,★★★,Low,3,1,LOW,3
Remember Me?,11,★★★,Low,3,1,LOW,3
Reservations for Two,11,★★★,Low,3,1,LOW,3
"Saga, Volume 2 (Saga (Collected Editions) #2)",11,★★★,Low,3,1,LOW,3
City of Fallen Angels (The Mortal Instruments #4),11,★★★★,Low,4,1,LOW,4
"The Sleep Revolution: Transforming Your Life, One Night at a Time",11,★★★★,Low,4,1,LOW,4
Superman Vol. 1: Before Truth (Superman by Gene Luen Yang #1),11,★★★★★,Low,5,1,LOW,5
Old School (Diary of a Wimpy Kid #10),11,★★★★★,Low,5,1,LOW,5
Dear Mr. Knightley,11,★★★★★,Low,5,1,LOW,5
"Naturally Lean: 125 Nourishing Gluten-Free, Plant-Based Recipes--All Under 300 Calories",11,★★★★★,Low,5,1,LOW,5
The Power Greens Cookbook: 140 Delicious Superfood Recipes,11,★★★★★,Low,5,1,LOW,5
The Darkest Corners,11,★★★★★,Low,5,1,LOW,5
"Fruits Basket, Vol. 2 (Fruits Basket #2)",11,★★★★★,Low,5,1,LOW,5
In Her Wake,12,★,Low,1,1,LOW,1
Dark Lover (Black Dagger Brotherhood #1),12,★,Low,1,1,LOW,1
The Purest Hook (Second Circle Tattoos #3),12,★,Low,1,1,LOW,1
The Giver (The Giver Quartet #1),12,★,Low,1,1,LOW,1
So You've Been Publicly Shamed,12,★★,Low,2,1,LOW,2
Living Forward: A Proven Plan to Stop Drifting and Get the Life You Want,12,★★★,Low,3,1,LOW,3
You Are a Badass: How to Stop Doubting Your Greatness and Start Living an Awesome Life,12,★★★,Low,3,1,LOW,3
"Orchestra of Exiles: The Story of Bronislaw Huberman, the Israel Philharmonic, and the One Thousand Jews He Saved from Nazi Horrors",12,★★★,Low,3,1,LOW,3
Lila (Gilead #3),12,★★★,Low,3,1,LOW,3
"The Moosewood Cookbook: Recipes from Moosewood Restaurant, Ithaca, New York",12,★★★★,Low,4,1,LOW,4
Night Shift (Night Shift #1-20),12,★★★★,Low,4,1,LOW,4
Running with Scissors,12,★★★★,Low,4,1,LOW,4
New Moon (Twilight #2),12,★★★★,Low,4,1,LOW,4
The Third Wave: An Entrepreneurâs Vision of the Future,12,★★★★★,Low,5,1,LOW,5
Agnostic: A Spirited Manifesto,12,★★★★★,Low,5,1,LOW,5
Walt Disney's Alice in Wonderland,12,★★★★★,Low,5,1,LOW,5
Every Heart a Doorway (Every Heart A Doorway #1),12,★★★★★,Low,5,1,LOW,5
The Silent Wife,12,★★★★★,Low,5,1,LOW,5
The Girl You Lost,12,★★★★★,Low,5,1,LOW,5
That Darkness (Gardiner and Renner #1),13,★,Low,1,1,LOW,1
Night (The Night Trilogy #1),13,★,Low,1,1,LOW,1
"Starving Hearts (Triangular Trade Trilogy, #1)",13,★★,Low,2,1,LOW,2
The Guilty (Will Robie #4),13,★★,Low,2,1,LOW,2
Mothering Sunday,13,★★,Low,2,1,LOW,2
Logan Kade (Fallen Crest High #5.5),13,★★,Low,2,1,LOW,2
Vegan Vegetarian Omnivore: Dinner for Everyone at the Table,13,★★,Low,2,1,LOW,2
Little Red,13,★★★,Low,3,1,LOW,3
"The Three Searches, Meaning, and the Story",13,★★★,Low,3,1,LOW,3
Will You Won't You Want Me?,13,★★★,Low,3,1,LOW,3
Playing with Fire,13,★★★,Low,3,1,LOW,3
"A Murder Over a Girl: Justice, Gender, Junior High",13,★★★,Low,3,1,LOW,3
The Grand Design,13,★★★,Low,3,1,LOW,3
Harry Potter and the Sorcerer's Stone (Harry Potter #1),13,★★★,Low,3,1,LOW,3
Changing the Game (Play by Play #2),13,★★★,Low,3,1,LOW,3
Sister Sable (The Mad Queen #1),13,★★★,Low,3,1,LOW,3
Life of Pi,13,★★★★,Low,4,1,LOW,4
"The Elegant Universe: Superstrings, Hidden Dimensions, and the Quest for the Ultimate Theory",13,★★★★,Low,4,1,LOW,4
"Princess Jellyfish 2-in-1 Omnibus, Vol. 01 (Princess Jellyfish 2-in-1 Omnibus #1)",13,★★★★★,Low,5,1,LOW,5
Princess Between Worlds (Wide-Awake Princess #5),13,★★★★★,Low,5,1,LOW,5
Some Women,13,★★★★★,Low,5,1,LOW,5
Two Summers,14,★,Low,1,1,LOW,1
Harry Potter and the Chamber of Secrets (Harry Potter #2),14,★,Low,1,1,LOW,1
Outliers: The Story of Success,14,★,Low,1,1,LOW,1
The End of the Jesus Era (An Investigation #1),14,★,Low,1,1,LOW,1
Obsidian (Lux #1),14,★★,Low,2,1,LOW,2
Wild Swans,14,★★,Low,2,1,LOW,2
The Hound of the Baskervilles (Sherlock Holmes #5),14,★★,Low,2,1,LOW,2
The Guns of August,14,★★,Low,2,1,LOW,2
On a Midnight Clear,14,★★★,Low,3,1,LOW,3
A Distant Mirror: The Calamitous 14th Century,14,★★★,Low,3,1,LOW,3
"The Wicked + The Divine, Vol. 3: Commercial Suicide (The Wicked + The Divine)",14,★★★,Low,3,1,LOW,3
The Communist Manifesto,14,★★★,Low,3,1,LOW,3
Untitled Collection: Sabbath Poems 2014,14,★★★★,Low,4,1,LOW,4
"Mama Tried: Traditional Italian Cooking for the Screwed, Crude, Vegan, and Tattooed",14,★★★★,Low,4,1,LOW,4
Poems That Make Grown Women Cry,14,★★★★,Low,4,1,LOW,4
Eight Hundred Grapes,14,★★★★,Low,4,1,LOW,4
Scarlet (The Lunar Chronicles #2),14,★★★★,Low,4,1,LOW,4
"Hyperbole and a Half: Unfortunate Situations, Flawed Coping Mechanisms, Mayhem, and Other Things That Happened",14,★★★★★,Low,5,1,LOW,5
The Epidemic (The Program 0.6),14,★★★★★,Low,5,1,LOW,5
A Gentleman's Position (Society of Gentlemen #3),14,★★★★★,Low,5,1,LOW,5
Roller Girl,14,★★★★★,Low,5,1,LOW,5
A Visit from the Goon Squad,14,★★★★★,Low,5,1,LOW,5
The Bad-Ass Librarians of Timbuktu: And Their Race to Save the Worldâs Most Precious Manuscripts,15,★,Low,1,1,LOW,1
The Girl You Left Behind (The Girl You Left Behind #1),15,★,Low,1,1,LOW,1
The Travelers,15,★,Low,1,1,LOW,1
"Vampire Knight, Vol. 1 (Vampire Knight #1)",15,★,Low,1,1,LOW,1
Ayumi's Violin,15,★★,Low,2,1,LOW,2
The Girl In The Ice (DCI Erika Foster #1),15,★★★,Low,3,1,LOW,3
"Outcast, Vol. 1: A Darkness Surrounds Him (Outcast #1)",15,★★★★,Low,4,1,LOW,4
First and First (Five Boroughs #3),15,★★★★,Low,4,1,LOW,4
"Far & Away: Places on the Brink of Change: Seven Continents, Twenty-Five Years",15,★★★★,Low,4,1,LOW,4
One with You (Crossfire #5),15,★★★★,Low,4,1,LOW,4
The Secret Garden,15,★★★★,Low,4,1,LOW,4
Sophie's World,15,★★★★★,Low,5,1,LOW,5
Batman: The Dark Knight Returns (Batman),15,★★★★★,Low,5,1,LOW,5
The Collected Poems of W.B. Yeats (The Collected Works of W.B. Yeats #1),15,★★★★★,Low,5,1,LOW,5
Kill the Boy Band,15,★★★★★,Low,5,1,LOW,5
Fifty Shades Freed (Fifty Shades #3),15,★★★★★,Low,5,1,LOW,5
Disrupted: My Misadventure in the Start-Up Bubble,15,★★★★★,Low,5,1,LOW,5
Tsubasa: WoRLD CHRoNiCLE 2 (Tsubasa WoRLD CHRoNiCLE #2),16,★,Low,1,1,LOW,1
A Murder in Time,16,★,Low,1,1,LOW,1
The Glass Castle,16,★,Low,1,1,LOW,1
"Fruits Basket, Vol. 5 (Fruits Basket #5)",16,★,Low,1,1,LOW,1
Fool Me Once,16,★,Low,1,1,LOW,1
The Iliad,16,★,Low,1,1,LOW,1
Louisa: The Extraordinary Life of Mrs. Adams,16,★★,Low,2,1,LOW,2
A Study in Scarlet (Sherlock Holmes #1),16,★★,Low,2,1,LOW,2
The Flowers Lied,16,★★,Low,2,1,LOW,2
Peak: Secrets from the New Science of Expertise,16,★★,Low,2,1,LOW,2
The Cat in the Hat (Beginner Books B-1),16,★★,Low,2,1,LOW,2
The Life-Changing Magic of Tidying Up: The Japanese Art of Decluttering and Organizing,16,★★★,Low,3,1,LOW,3
The Power of Habit: Why We Do What We Do in Life and Business,16,★★★,Low,3,1,LOW,3
Daredevils,16,★★★,Low,3,1,LOW,3
The Constant Princess (The Tudor Court #1),16,★★★,Low,3,1,LOW,3
The Course of Love,16,★★★,Low,3,1,LOW,3
Something More Than This,16,★★★★,Low,4,1,LOW,4
The Gunning of America: Business and the Making of American Gun Culture,16,★★★★,Low,4,1,LOW,4
Lady Midnight (The Dark Artifices #1),16,★★★★★,Low,5,1,LOW,5
"Mother, Can You Not?",16,★★★★★,Low,5,1,LOW,5
Shiver (The Wolves of Mercy Falls #1),16,★★★★★,Low,5,1,LOW,5
A Spy's Devotion (The Regency Spies of London #1),16,★★★★★,Low,5,1,LOW,5
The Genius of Birds,17,★,Low,1,1,LOW,1
Why Not Me?,17,★,Low,1,1,LOW,1
"David and Goliath: Underdogs, Misfits, and the Art of Battling Giants",17,★,Low,1,1,LOW,1
Lilac Girls,17,★★,Low,2,1,LOW,2
"The Coming Woman: A Novel Based on the Life of the Infamous Feminist, Victoria Woodhull",17,★★★,Low,3,1,LOW,3
The Literature Book (Big Ideas Simply Explained),17,★★★,Low,3,1,LOW,3
Balloon Animals,17,★★★,Low,3,1,LOW,3
Wuthering Heights,17,★★★,Low,3,1,LOW,3
Camp Midnight,17,★★★★,Low,4,1,LOW,4
The Stranger,17,★★★★,Low,4,1,LOW,4
A Feast for Crows (A Song of Ice and Fire #4),17,★★★★,Low,4,1,LOW,4
Set Me Free,17,★★★★★,Low,5,1,LOW,5
The Four Agreements: A Practical Guide to Personal Freedom,17,★★★★★,Low,5,1,LOW,5
Thirst,17,★★★★★,Low,5,1,LOW,5
Counted With the Stars (Out from Egypt #1),17,★★★★★,Low,5,1,LOW,5
The Hobbit (Middle-Earth Universe),17,★★★★★,Low,5,1,LOW,5
Booked,17,★★★★★,Low,5,1,LOW,5
"Pop Gun War, Volume 1: Gift",18,★,Low,1,1,LOW,1
Love Is a Mix Tape (Music #1),18,★,Low,1,1,LOW,1
The Golden Compass (His Dark Materials #1),18,★,Low,1,1,LOW,1
"Where'd You Go, Bernadette",18,★,Low,1,1,LOW,1
Eclipse (Twilight #3),18,★,Low,1,1,LOW,1
Maude (1883-1993):She Grew Up with the country,18,★★,Low,2,1,LOW,2
Once Was a Time,18,★★,Low,2,1,LOW,2
Give It Back,18,★★,Low,2,1,LOW,2
Taking Shots (Assassins #1),18,★★,Low,2,1,LOW,2
Unicorn Tracks,18,★★★,Low,3,1,LOW,3
Amy Meets the Saints and Sages,18,★★★,Low,3,1,LOW,3
"Y: The Last Man, Vol. 1: Unmanned (Y: The Last Man #1)",18,★★★★,Low,4,1,LOW,4
"In a Dark, Dark Wood",19,★,Low,1,1,LOW,1
The Torch Is Passed: A Harding Family Story,19,★,Low,1,1,LOW,1
The Age of Genius: The Seventeenth Century and the Birth of the Modern Mind,19,★,Low,1,1,LOW,1
"It's All Easy: Healthy, Delicious Weeknight Meals in under 30 Minutes",19,★,Low,1,1,LOW,1
"Fruits Basket, Vol. 7 (Fruits Basket #7)",19,★,Low,1,1,LOW,1
Me Before You (Me Before You #1),19,★,Low,1,1,LOW,1
The Cuckoo's Calling (Cormoran Strike #1),19,★,Low,1,1,LOW,1
I've Got Your Number,19,★,Low,1,1,LOW,1
Reskilling America: Learning to Labor in the Twenty-First Century,19,★★,Low,2,1,LOW,2
Lumberjanes Vol. 3: A Terrible Plan (Lumberjanes #9-12),19,★★,Low,2,1,LOW,2
Large Print Heart of the Pride,19,★★,Low,2,1,LOW,2
What's It Like in Space?: Stories from Astronauts Who've Been There,19,★★,Low,2,1,LOW,2
Brazen: The Courage to Find the You That's Been Hiding,19,★★,Low,2,1,LOW,2
"Daring Greatly: How the Courage to Be Vulnerable Transforms the Way We Live, Love, Parent, and Lead",19,★★★,Low,3,1,LOW,3
A Mother's Reckoning: Living in the Aftermath of Tragedy,19,★★★,Low,3,1,LOW,3
This One Summer,19,★★★★,Low,4,1,LOW,4
Pride and Prejudice,19,★★★★,Low,4,1,LOW,4
Ready Player One,19,★★★★,Low,4,1,LOW,4
The Edge of Reason (Bridget Jones #2),19,★★★★,Low,4,1,LOW,4
Dark Notes,19,★★★★★,Low,5,1,LOW,5
Outlander (Outlander #1),19,★★★★★,Low,5,1,LOW,5
The Zombie Room,19,★★★★★,Low,5,1,LOW,5
Secrets and Lace (Fatal Hearts #1),20,★,Low,1,1,LOW,1
If I Gave You God's Phone Number....: Searching for Spirituality in America,20,★,Low,1,1,LOW,1
Critique of Pure Reason,20,★,Low,1,1,LOW,1
The Maze Runner (The Maze Runner #1),20,★,Low,1,1,LOW,1
"Run, Spot, Run: The Ethics of Keeping Pets",20,★,Low,1,1,LOW,1
"Love, Lies and Spies",20,★★,Low,2,1,LOW,2
Steal Like an Artist: 10 Things Nobody Told You About Being Creative,20,★★,Low,2,1,LOW,2
Cravings: Recipes for What You Want to Eat,20,★★★,Low,3,1,LOW,3
"Sit, Stay, Love",20,★★★,Low,3,1,LOW,3
Is Everyone Hanging Out Without Me? (And Other Concerns),20,★★★,Low,3,1,LOW,3
Blood Defense (Samantha Brinkman #1),20,★★★,Low,3,1,LOW,3
Shakespeare's Sonnets,20,★★★★,Low,4,1,LOW,4
Cell,20,★★★★,Low,4,1,LOW,4
Keep Me Posted,20,★★★★,Low,4,1,LOW,4
John Vassos: Industrial Design for Modern Life,20,★★★★,Low,4,1,LOW,4
Delivering the Truth (Quaker Midwife Mystery #1),20,★★★★,Low,4,1,LOW,4
"Fruits Basket, Vol. 6 (Fruits Basket #6)",20,★★★★,Low,4,1,LOW,4
Mockingjay (The Hunger Games #3),20,★★★★,Low,4,1,LOW,4
"The Inefficiency Assassin: Time Management Tactics for Working Smarter, Not Longer",20,★★★★★,Low,5,1,LOW,5
Redeeming Love,20,★★★★★,Low,5,1,LOW,5
Everyday Italian: 125 Simple and Delicious Recipes,20,★★★★★,Low,5,1,LOW,5
Adultery,20,★★★★★,Low,5,1,LOW,5
Team of Rivals: The Political Genius of Abraham Lincoln,20,★★★★★,Low,5,1,LOW,5
No One Here Gets Out Alive,20,★★★★★,Low,5,1,LOW,5
Between Shades of Gray,20,★★★★★,Low,5,1,LOW,5
Fifty Shades Darker (Fifty Shades #2),21,★,Low,1,1,LOW,1
Follow You Home,21,★,Low,1,1,LOW,1
Can You Keep a Secret?,21,★,Low,1,1,LOW,1
World War Z: An Oral History of the Zombie War,21,★,Low,1,1,LOW,1
"Thinking, Fast and Slow",21,★,Low,1,1,LOW,1
Tuesday Nights in 1980,21,★★,Low,2,1,LOW,2
No Dream Is Too High: Life Lessons From a Man Who Walked on the Moon,21,★★,Low,2,1,LOW,2
"Setting the World on Fire: The Brief, Astonishing Life of St. Catherine of Siena",21,★★,Low,2,1,LOW,2
1491: New Revelations of the Americas Before Columbus,21,★★★,Low,3,1,LOW,3
Snatched: How A Drug Queen Went Undercover for the DEA and Was Kidnapped By Colombian Guerillas,21,★★★,Low,3,1,LOW,3
The Art of Startup Fundraising,21,★★★,Low,3,1,LOW,3
Rising Strong,21,★★★,Low,3,1,LOW,3
An Unquiet Mind: A Memoir of Moods and Madness,21,★★★,Low,3,1,LOW,3
Boy Meets Boy,21,★★★,Low,3,1,LOW,3
You Are What You Love: The Spiritual Power of Habit,21,★★★★,Low,4,1,LOW,4
Arena,21,★★★★,Low,4,1,LOW,4
Hystopia: A Novel,21,★★★★,Low,4,1,LOW,4
Fire Bound (Sea Haven/Sisters of the Heart #5),21,★★★★,Low,4,1,LOW,4
Shadow Rites (Jane Yellowrock #10),21,★★★★,Low,4,1,LOW,4
"Paper Girls, Vol. 1 (Paper Girls #1-5)",21,★★★★,Low,4,1,LOW,4
Born for This: How to Find the Work You Were Meant to Do,21,★★★★★,Low,5,1,LOW,5
Voyager (Outlander #3),21,★★★★★,Low,5,1,LOW,5
"Saga, Volume 3 (Saga (Collected Editions) #3)",21,★★★★★,Low,5,1,LOW,5
Blink: The Power of Thinking Without Thinking,21,★★★★★,Low,5,1,LOW,5
Beautiful Creatures (Caster Chronicles #1),21,★★★★★,Low,5,1,LOW,5
The Requiem Red,22,★,Low,1,1,LOW,1
Maybe Something Beautiful: How Art Transformed a Neighborhood,22,★,Low,1,1,LOW,1
Find Her (Detective D.D. Warren #8),22,★,Low,1,1,LOW,1
The Art of Fielding,22,★,Low,1,1,LOW,1
Letter to a Christian Nation,22,★,Low,1,1,LOW,1
Big Little Lies,22,★,Low,1,1,LOW,1
"Giant Days, Vol. 2 (Giant Days #5-8)",22,★★,Low,2,1,LOW,2
Grumbles,22,★★,Low,2,1,LOW,2
Twenty Yawns,22,★★,Low,2,1,LOW,2
Wildlife of New York: A Five-Borough Coloring Book,22,★★,Low,2,1,LOW,2
The Girl Who Played with Fire (Millennium Trilogy #2),22,★★,Low,2,1,LOW,2
The Da Vinci Code (Robert Langdon #2),22,★★,Low,2,1,LOW,2
America's Cradle of Quarterbacks: Western Pennsylvania's Football Factory from Johnny Unitas to Joe Montana,22,★★★,Low,3,1,LOW,3
Charlie and the Chocolate Factory (Charlie Bucket #1),22,★★★,Low,3,1,LOW,3
The Boys in the Boat: Nine Americans and Their Epic Quest for Gold at the 1936 Berlin Olympics,22,★★★★,Low,4,1,LOW,4
In the Country We Love: My Family Divided,22,★★★★,Low,4,1,LOW,4
Code Name Verity (Code Name Verity #1),22,★★★★,Low,4,1,LOW,4
"The End of Faith: Religion, Terror, and the Future of Reason",22,★★★★,Low,4,1,LOW,4
Ash,22,★★★★,Low,4,1,LOW,4
Olio,23,★,Low,1,1,LOW,1
The Loney,23,★,Low,1,1,LOW,1
Harry Potter and the Deathly Hallows (Harry Potter #7),23,★,Low,1,1,LOW,1
The Smitten Kitchen Cookbook,23,★,Low,1,1,LOW,1
The Road to Little Dribbling: Adventures of an American in Britain (Notes From a Small Island #2),23,★,Low,1,1,LOW,1
The Emerald Mystery,23,★★,Low,2,1,LOW,2
Shoe Dog: A Memoir by the Creator of NIKE,23,★★,Low,2,1,LOW,2
The Autobiography of Malcolm X,23,★★,Low,2,1,LOW,2
Rain Fish,23,★★★,Low,3,1,LOW,3
Red Dragon (Hannibal Lecter #1),23,★★★,Low,3,1,LOW,3
Three-Martini Lunch,23,★★★,Low,3,1,LOW,3
"The Mindfulness and Acceptance Workbook for Anxiety: A Guide to Breaking Free from Anxiety, Phobias, and Worry Using Acceptance and Commitment Therapy",23,★★★★,Low,4,1,LOW,4
Lola and the Boy Next Door (Anna and the French Kiss #2),23,★★★★,Low,4,1,LOW,4
The Elephant Tree,23,★★★★★,Low,5,1,LOW,5
#HigherSelfie: Wake Up Your Life. Free Your Soul. Find Your Tribe.,23,★★★★★,Low,5,1,LOW,5
The Silkworm (Cormoran Strike #2),23,★★★★★,Low,5,1,LOW,5
Dark Places,23,★★★★★,Low,5,1,LOW,5
The Wedding Dress,24,★,Low,1,1,LOW,1
We Are All Completely Beside Ourselves,24,★,Low,1,1,LOW,1
The Catcher in the Rye,24,★,Low,1,1,LOW,1
Sugar Rush (Offensive Line #2),24,★,Low,1,1,LOW,1
Paradise Lost (Paradise #1),24,★,Low,1,1,LOW,1
"10% Happier: How I Tamed the Voice in My Head, Reduced Stress Without Losing My Edge, and Found Self-Help That Actually Works",24,★★,Low,2,1,LOW,2
Soldier (Talon #3),24,★★,Low,2,1,LOW,2
Orange Is the New Black,24,★★,Low,2,1,LOW,2
Career of Evil (Cormoran Strike #3),24,★★,Low,2,1,LOW,2
Zealot: The Life and Times of Jesus of Nazareth,24,★★★,Low,3,1,LOW,3
My Mrs. Brown,24,★★★,Low,3,1,LOW,3
The Book of Mormon,24,★★★,Low,3,1,LOW,3
The Little Paris Bookshop,24,★★★,Low,3,1,LOW,3
Lord of the Flies,24,★★★,Low,3,1,LOW,3
The Mysterious Affair at Styles (Hercule Poirot #1),24,★★★★,Low,4,1,LOW,4
Harry Potter and the Prisoner of Azkaban (Harry Potter #3),24,★★★★,Low,4,1,LOW,4
Mexican Today: New and Rediscovered Recipes for Contemporary Kitchens,24,★★★★★,Low,5,1,LOW,5
"Unbound: How Eight Technologies Made Us Human, Transformed Society, and Brought Our World to the Brink",25,★,Medium,1,2,MEDIUM,1
Nap-a-Roo,25,★,Medium,1,2,MEDIUM,1
Toddlers Are A**holes: It's Not Your Fault,25,★,Medium,1,2,MEDIUM,1
Blue Like Jazz: Nonreligious Thoughts on Christian Spirituality,25,★,Medium,1,2,MEDIUM,1
"Lean In: Women, Work, and the Will to Lead",25,★,Medium,1,2,MEDIUM,1
Through the Woods,25,★★,Medium,2,2,MEDIUM,2
"Red Hood/Arsenal, Vol. 1: Open for Business (Red Hood/Arsenal #1)",25,★★,Medium,2,2,MEDIUM,2
"Love That Boy: What Two Presidents, Eight Road Trips, and My Son Taught Me About a Parent's Expectations",25,★★,Medium,2,2,MEDIUM,2
"Surely You're Joking, Mr. Feynman!: Adventures of a Curious Character",25,★★,Medium,2,2,MEDIUM,2
Meditations,25,★★,Medium,2,2,MEDIUM,2
"Saga, Volume 6 (Saga (Collected Editions) #6)",25,★★★,Medium,3,2,MEDIUM,3
The First Hostage (J.B. Collins #2),25,★★★,Medium,3,2,MEDIUM,3
Cometh the Hour (The Clifton Chronicles #6),25,★★★,Medium,3,2,MEDIUM,3
It,25,★★★,Medium,3,2,MEDIUM,3
Extreme Prey (Lucas Davenport #26),25,★★★,Medium,3,2,MEDIUM,3
Starlark,25,★★★,Medium,3,2,MEDIUM,3
I Know What I'm Doing -- and Other Lies I Tell Myself: Dispatches from a Life Under Construction,25,★★★★,Medium,4,2,MEDIUM,4
Talking to Girls About Duran Duran: One Young Man's Quest for True Love and a Cooler Haircut,25,★★★★,Medium,4,2,MEDIUM,4
Chase Me (Paris Nights #2),25,★★★★★,Medium,5,2,MEDIUM,5
The White Queen (The Cousins' War #1),25,★★★★★,Medium,5,2,MEDIUM,5
What Happened on Beale Street (Secrets of the South Mysteries #2),25,★★★★★,Medium,5,2,MEDIUM,5
The Midnight Watch: A Novel of the Titanic and the Californian,26,★,Medium,1,2,MEDIUM,1
Girl With a Pearl Earring,26,★,Medium,1,2,MEDIUM,1
Cinder (The Lunar Chronicles #1),26,★,Medium,1,2,MEDIUM,1
Reasons to Stay Alive,26,★★,Medium,2,2,MEDIUM,2
Soft Apocalypse,26,★★,Medium,2,2,MEDIUM,2
Life After Life,26,★★,Medium,2,2,MEDIUM,2
Still Life with Bread Crumbs,26,★★★,Medium,3,2,MEDIUM,3
Poisonous (Max Revere Novels #3),26,★★★,Medium,3,2,MEDIUM,3
The Nightingale,26,★★★★,Medium,4,2,MEDIUM,4
The Complete Stories and Poems (The Works of Edgar Allan Poe [Cameo Edition]),26,★★★★,Medium,4,2,MEDIUM,4
Let It Out: A Journey Through Journaling,26,★★★★★,Medium,5,2,MEDIUM,5
Atlas Shrugged,26,★★★★★,Medium,5,2,MEDIUM,5
The Day the Crayons Came Home (Crayons),26,★★★★★,Medium,5,2,MEDIUM,5
Gratitude,26,★★★★★,Medium,5,2,MEDIUM,5
"1,000 Places to See Before You Die",26,★★★★★,Medium,5,2,MEDIUM,5
13 Hours: The Inside Account of What Really Happened In Benghazi,27,★,Medium,1,2,MEDIUM,1
M Train,27,★,Medium,1,2,MEDIUM,1
God Is Not Great: How Religion Poisons Everything,27,★,Medium,1,2,MEDIUM,1
"A History of God: The 4,000-Year Quest of Judaism, Christianity, and Islam",27,★,Medium,1,2,MEDIUM,1
The Infinities,27,★,Medium,1,2,MEDIUM,1
Becoming Wise: An Inquiry into the Mystery and Art of Living,27,★★,Medium,2,2,MEDIUM,2
This Is Where It Ends,27,★★,Medium,2,2,MEDIUM,2
The Widow,27,★★,Medium,2,2,MEDIUM,2
"The Demon Prince of Momochi House, Vol. 4 (The Demon Prince of Momochi House #4)",27,★★,Medium,2,2,MEDIUM,2
"Born to Run: A Hidden Tribe, Superathletes, and the Greatest Race the World Has Never Seen",27,★★,Medium,2,2,MEDIUM,2
Best of My Love (Fool's Gold #20),27,★★,Medium,2,2,MEDIUM,2
The 10% Entrepreneur: Live Your Startup Dream Without Quitting Your Day Job,27,★★★,Medium,3,2,MEDIUM,3
Eligible (The Austen Project #4),27,★★★,Medium,3,2,MEDIUM,3
The Shining (The Shining #1),27,★★★,Medium,3,2,MEDIUM,3
The Secret (The Secret #1),27,★★★★,Medium,4,2,MEDIUM,4
Lost Among the Living,27,★★★★,Medium,4,2,MEDIUM,4
The Time Keeper,27,★★★★★,Medium,5,2,MEDIUM,5
The Haters,27,★★★★★,Medium,5,2,MEDIUM,5
Mr. Mercedes (Bill Hodges Trilogy #1),28,★,Medium,1,2,MEDIUM,1
Hold Your Breath (Search and Rescue #1),28,★,Medium,1,2,MEDIUM,1
Barefoot Contessa Back to Basics,28,★,Medium,1,2,MEDIUM,1
The Shack,28,★,Medium,1,2,MEDIUM,1
South of Sunshine,28,★,Medium,1,2,MEDIUM,1
Diary of a Citizen Scientist: Chasing Tiger Beetles and Other New Ways of Engaging the World,28,★,Medium,1,2,MEDIUM,1
The Metamorphosis,28,★,Medium,1,2,MEDIUM,1
"Saga, Volume 1 (Saga (Collected Editions) #1)",28,★,Medium,1,2,MEDIUM,1
Origins (Alphas 0.5),28,★,Medium,1,2,MEDIUM,1
Matilda,28,★,Medium,1,2,MEDIUM,1
"Avatar: The Last Airbender: Smoke and Shadow, Part 3 (Smoke and Shadow #3)",28,★★,Medium,2,2,MEDIUM,2
Like Never Before (Walker Family #2),28,★★,Medium,2,2,MEDIUM,2
How to Be a Domestic Goddess: Baking and the Art of Comfort Cooking,28,★★,Medium,2,2,MEDIUM,2
The Geography of Bliss: One Grump's Search for the Happiest Places in the World,28,★★,Medium,2,2,MEDIUM,2
I Am Malala: The Girl Who Stood Up for Education and Was Shot by the Taliban,28,★★,Medium,2,2,MEDIUM,2
"Rhythm, Chord & Malykhin",28,★★,Medium,2,2,MEDIUM,2
Burning,28,★★★,Medium,3,2,MEDIUM,3
The Help Yourself Cookbook for Kids: 60 Easy Plant-Based Recipes Kids Can Make to Stay Healthy and Save the Earth,28,★★★,Medium,3,2,MEDIUM,3
Red: The True Story of Red Riding Hood,28,★★★,Medium,3,2,MEDIUM,3
"In the Garden of Beasts: Love, Terror, and an American Family in Hitler's Berlin",28,★★★,Medium,3,2,MEDIUM,3
Forever Rockers (The Rocker #12),28,★★★,Medium,3,2,MEDIUM,3
A Fierce and Subtle Poison,28,★★★★,Medium,4,2,MEDIUM,4
The Marriage of Opposites,28,★★★★,Medium,4,2,MEDIUM,4
"The Midnight Assassin: Panic, Scandal, and the Hunt for America's First Serial Killer",28,★★★★,Medium,4,2,MEDIUM,4
Little Women (Little Women #1),28,★★★★,Medium,4,2,MEDIUM,4
Choosing Our Religion: The Spiritual Lives of America's Nones,28,★★★★,Medium,4,2,MEDIUM,4
Modern Romance,28,★★★★★,Medium,5,2,MEDIUM,5
The Passion of Dolssa,28,★★★★★,Medium,5,2,MEDIUM,5
First Steps for New Christians (Print Edition),29,★,Medium,1,2,MEDIUM,1
Island of Dragons (Unwanteds #7),29,★,Medium,1,2,MEDIUM,1
Morning Star (Red Rising #3),29,★,Medium,1,2,MEDIUM,1
The Selfish Gene,29,★,Medium,1,2,MEDIUM,1
The Mirror & the Maze (The Wrath and the Dawn #1.5),29,★,Medium,1,2,MEDIUM,1
Bridget Jones's Diary (Bridget Jones #1),29,★,Medium,1,2,MEDIUM,1
"I Hate Fairyland, Vol. 1: Madly Ever After (I Hate Fairyland (Compilations) #1-5)",29,★★,Medium,2,2,MEDIUM,2
The Picture of Dorian Gray,29,★★,Medium,2,2,MEDIUM,2
Forever and Forever: The Courtship of Henry Longfellow and Fanny Appleton,29,★★★,Medium,3,2,MEDIUM,3
"Shobu Samurai, Project Aryoku (#3)",29,★★★,Medium,3,2,MEDIUM,3
Man's Search for Meaning,29,★★★,Medium,3,2,MEDIUM,3
The Odyssey,29,★★★,Medium,3,2,MEDIUM,3
"Ouran High School Host Club, Vol. 1 (Ouran High School Host Club #1)",29,★★★,Medium,3,2,MEDIUM,3
"The Land of 10,000 Madonnas",29,★★★★,Medium,4,2,MEDIUM,4
Call the Nurse: True Stories of a Country Nurse on a Scottish Isle,29,★★★★★,Medium,5,2,MEDIUM,5
Frostbite (Vampire Academy #2),29,★★★★★,Medium,5,2,MEDIUM,5
Looking for Lovely: Collecting the Moments that Matter,29,★★★★★,Medium,5,2,MEDIUM,5
All the Light We Cannot See,29,★★★★★,Medium,5,2,MEDIUM,5
Les Fleurs du Mal,29,★★★★★,Medium,5,2,MEDIUM,5
"At The Existentialist CafÃ©: Freedom, Being, and apricot cocktails with: Jean-Paul Sartre, Simone de Beauvoir, Albert Camus, Martin Heidegger, Edmund Husserl, Karl Jaspers, Maurice Merleau-Ponty and others",29,★★★★★,Medium,5,2,MEDIUM,5
The Hunger Games (The Hunger Games #1),29,★★★★★,Medium,5,2,MEDIUM,5
Algorithms to Live By: The Computer Science of Human Decisions,30,★,Medium,1,2,MEDIUM,1
The Great Railway Bazaar,30,★,Medium,1,2,MEDIUM,1
Under the Banner of Heaven: A Story of Violent Faith,30,★,Medium,1,2,MEDIUM,1
The Raven King (The Raven Cycle #4),30,★★,Medium,2,2,MEDIUM,2
"Foolproof Preserving: A Guide to Small Batch Jams, Jellies, Pickles, Condiments, and More: A Foolproof Guide to Making Small Batch Jams, Jellies, Pickles, Condiments, and More",30,★★★,Medium,3,2,MEDIUM,3
Big Magic: Creative Living Beyond Fear,30,★★★,Medium,3,2,MEDIUM,3
Ship Leaves Harbor: Essays on Travel by a Recovering Journeyman,30,★★★,Medium,3,2,MEDIUM,3
The Bette Davis Club,30,★★★,Medium,3,2,MEDIUM,3
Seven Brief Lessons on Physics,30,★★★★,Medium,4,2,MEDIUM,4
A Walk in the Woods: Rediscovering America on the Appalachian Trail,30,★★★★,Medium,4,2,MEDIUM,4
Twenty Love Poems and a Song of Despair,30,★★★★,Medium,4,2,MEDIUM,4
Mrs. Houdini,30,★★★★★,Medium,5,2,MEDIUM,5
God: The Most Unpleasant Character in All Fiction,30,★★★★★,Medium,5,2,MEDIUM,5
When You Are Engulfed in Flames,30,★★★★★,Medium,5,2,MEDIUM,5
When We Collided,31,★,Medium,1,2,MEDIUM,1
A Girl's Guide to Moving On (New Beginnings #2),31,★,Medium,1,2,MEDIUM,1
8 Keys to Mental Health Through Exercise,31,★,Medium,1,2,MEDIUM,1
The Makings of a Fatherless Child,31,★★,Medium,2,2,MEDIUM,2
A Storm of Swords (A Song of Ice and Fire #3),31,★★,Medium,2,2,MEDIUM,2
The Five Love Languages: How to Express Heartfelt Commitment to Your Mate,31,★★★,Medium,3,2,MEDIUM,3
Throwing Rocks at the Google Bus: How Growth Became the Enemy of Prosperity,31,★★★,Medium,3,2,MEDIUM,3
"Carry On, Warrior: Thoughts on Life Unarmed",31,★★★,Medium,3,2,MEDIUM,3
We the People: The Modern-Day Figures Who Have Reshaped and Affirmed the Founding Fathers' Vision of America,31,★★★,Medium,3,2,MEDIUM,3
Original Fake,31,★★★,Medium,3,2,MEDIUM,3
Naked,31,★★★,Medium,3,2,MEDIUM,3
The Sense of an Ending,31,★★★,Medium,3,2,MEDIUM,3
Please Kill Me: The Uncensored Oral History of Punk,31,★★★★,Medium,4,2,MEDIUM,4
My Mother Was Nuts,31,★★★★,Medium,4,2,MEDIUM,4
Killing Floor (Jack Reacher #1),31,★★★★,Medium,4,2,MEDIUM,4
Harry Potter and the Order of the Phoenix (Harry Potter #5),31,★★★★,Medium,4,2,MEDIUM,4
Life,31,★★★★★,Medium,5,2,MEDIUM,5
Playing from the Heart,32,★,Medium,1,2,MEDIUM,1
Foundation (Foundation (Publication Order) #1),32,★,Medium,1,2,MEDIUM,1
Batman: Europa,32,★★,Medium,2,2,MEDIUM,2
The Art Book,32,★★,Medium,2,2,MEDIUM,2
Two Boys Kissing,32,★★,Medium,2,2,MEDIUM,2
One for the Money (Stephanie Plum #1),32,★★,Medium,2,2,MEDIUM,2
Emma,32,★★,Medium,2,2,MEDIUM,2
The Bridge to Consciousness: I'm Writing the Bridge Between Science and Our Old and New Beliefs.,32,★★★,Medium,3,2,MEDIUM,3
The Wedding Pact (The O'Malleys #2),32,★★★,Medium,3,2,MEDIUM,3
"Data, A Love Story: How I Gamed Online Dating to Meet My Match",32,★★★,Medium,3,2,MEDIUM,3
Gone with the Wind,32,★★★,Medium,3,2,MEDIUM,3
Walk the Edge (Thunder Road #2),32,★★★,Medium,3,2,MEDIUM,3
On the Road (Duluoz Legend),32,★★★,Medium,3,2,MEDIUM,3
World Without End (The Pillars of the Earth #2),32,★★★★,Medium,4,2,MEDIUM,4
The Activist's Tao Te Ching: Ancient Advice for a Modern Revolution,32,★★★★★,Medium,5,2,MEDIUM,5
The Star-Touched Queen,32,★★★★★,Medium,5,2,MEDIUM,5
Her Backup Boyfriend (The Sorensen Family #1),33,★,Medium,1,2,MEDIUM,1
The Shadow Hero (The Shadow Hero),33,★,Medium,1,2,MEDIUM,1
Don't Forget Steven,33,★,Medium,1,2,MEDIUM,1
You can't bury them all: Poems,33,★★,Medium,2,2,MEDIUM,2
My Paris Kitchen: Recipes and Stories,33,★★,Medium,2,2,MEDIUM,2
The Lonely City: Adventures in the Art of Being Alone,33,★★,Medium,2,2,MEDIUM,2
"Life, the Universe and Everything (Hitchhiker's Guide to the Galaxy #3)",33,★★,Medium,2,2,MEDIUM,2
Penny Maybe,33,★★★,Medium,3,2,MEDIUM,3
The Lean Startup: How Today's Entrepreneurs Use Continuous Innovation to Create Radically Successful Businesses,33,★★★,Medium,3,2,MEDIUM,3
Hungry Girl Clean & Hungry: Easy All-Natural Recipes for Healthy Eating in the Real World,33,★★★,Medium,3,2,MEDIUM,3
The Republic,33,★★★,Medium,3,2,MEDIUM,3
The Dirty Little Secrets of Getting Your Dream Job,33,★★★★,Medium,4,2,MEDIUM,4
"Fruits Basket, Vol. 9 (Fruits Basket #9)",33,★★★★,Medium,4,2,MEDIUM,4
The 7 Habits of Highly Effective People: Powerful Lessons in Personal Change,33,★★★★,Medium,4,2,MEDIUM,4
The Art of War,33,★★★★★,Medium,5,2,MEDIUM,5
The Year of Living Biblically: One Man's Humble Quest to Follow the Bible as Literally as Possible,34,★,Medium,1,2,MEDIUM,1
The Dream Thieves (The Raven Cycle #2),34,★,Medium,1,2,MEDIUM,1
Zero History (Blue Ant #3),34,★,Medium,1,2,MEDIUM,1
The Rest Is Noise: Listening to the Twentieth Century,34,★,Medium,1,2,MEDIUM,1
Angels Walking (Angels Walking #1),34,★★,Medium,2,2,MEDIUM,2
Raymie Nightingale,34,★★,Medium,2,2,MEDIUM,2
Misery,34,★★,Medium,2,2,MEDIUM,2
Far From True (Promise Falls Trilogy #2),34,★★,Medium,2,2,MEDIUM,2
Manuscript Found in Accra,34,★★,Medium,2,2,MEDIUM,2
"Zero to One: Notes on Startups, or How to Build the Future",34,★★★,Medium,3,2,MEDIUM,3
"The Art of Simple Food: Notes, Lessons, and Recipes from a Delicious Revolution",34,★★★,Medium,3,2,MEDIUM,3
Kindle Paperwhite User's Guide,34,★★★,Medium,3,2,MEDIUM,3
The Secret Healer,34,★★★,Medium,3,2,MEDIUM,3
Drive: The Surprising Truth About What Motivates Us,34,★★★★,Medium,4,2,MEDIUM,4
Imperfect Harmony,34,★★★★,Medium,4,2,MEDIUM,4
Having the Barbarian's Baby (Ice Planet Barbarians #7.5),34,★★★★,Medium,4,2,MEDIUM,4
Black Dust,34,★★★★★,Medium,5,2,MEDIUM,5
Siddhartha,34,★★★★★,Medium,5,2,MEDIUM,5
"Blue Lily, Lily Blue (The Raven Cycle #3)",34,★★★★★,Medium,5,2,MEDIUM,5
"Bleach, Vol. 1: Strawberry and the Soul Reapers (Bleach #1)",34,★★★★★,Medium,5,2,MEDIUM,5
The Grownup,35,★,Medium,1,2,MEDIUM,1
Chernobyl 01:23:40: The Incredible True Story of the World's Worst Nuclear Disaster,35,★★,Medium,2,2,MEDIUM,2
23 Degrees South: A Tropical Tale of Changing Whether...,35,★★,Medium,2,2,MEDIUM,2
And Then There Were None,35,★★,Medium,2,2,MEDIUM,2
Throne of Glass (Throne of Glass #1),35,★★★,Medium,3,2,MEDIUM,3
Doing It Over (Most Likely To #1),35,★★★,Medium,3,2,MEDIUM,3
Most Wanted,35,★★★,Medium,3,2,MEDIUM,3
The Drowning Girls,35,★★★,Medium,3,2,MEDIUM,3
"So Cute It Hurts!!, Vol. 6 (So Cute It Hurts!! #6)",35,★★★★,Medium,4,2,MEDIUM,4
The Whale,35,★★★★,Medium,4,2,MEDIUM,4
Rip it Up and Start Again,35,★★★★★,Medium,5,2,MEDIUM,5
Join,35,★★★★★,Medium,5,2,MEDIUM,5
The Darkest Lie,35,★★★★★,Medium,5,2,MEDIUM,5
Dracula the Un-Dead,35,★★★★★,Medium,5,2,MEDIUM,5
The Red Tent,35,★★★★★,Medium,5,2,MEDIUM,5
Breaking Dawn (Twilight #4),35,★★★★★,Medium,5,2,MEDIUM,5
The Bear and the Piano,36,★,Medium,1,2,MEDIUM,1
The House by the Lake,36,★,Medium,1,2,MEDIUM,1
Romero and Juliet: A Tragic Tale of Love and Zombies,36,★,Medium,1,2,MEDIUM,1
Amid the Chaos,36,★,Medium,1,2,MEDIUM,1
Daily Fantasy Sports,36,★,Medium,1,2,MEDIUM,1
The E-Myth Revisited: Why Most Small Businesses Don't Work and What to Do About It,36,★,Medium,1,2,MEDIUM,1
The Nicomachean Ethics,36,★,Medium,1,2,MEDIUM,1
"Political Suicide: Missteps, Peccadilloes, Bad Calls, Backroom Hijinx, Sordid Pasts, Rotten Breaks, and Just Plain Dumb Mistakes in the Annals of American Politics",36,★★,Medium,2,2,MEDIUM,2
The Psychopath Test: A Journey Through the Madness Industry,36,★★,Medium,2,2,MEDIUM,2
Batman: The Long Halloween (Batman),36,★★,Medium,2,2,MEDIUM,2
Vagabonding: An Uncommon Guide to the Art of Long-Term World Travel,36,★★,Medium,2,2,MEDIUM,2
I Know Why the Caged Bird Sings (Maya Angelou's Autobiography #1),36,★★,Medium,2,2,MEDIUM,2
Cosmos,36,★★,Medium,2,2,MEDIUM,2
"The Wicked + The Divine, Vol. 1: The Faust Act (The Wicked + The Divine)",36,★★,Medium,2,2,MEDIUM,2
The Last Girl (The Dominion Trilogy #1),36,★★,Medium,2,2,MEDIUM,2
"Death Note, Vol. 6: Give-and-Take (Death Note #6)",36,★★★,Medium,3,2,MEDIUM,3
The Paris Wife,36,★★★,Medium,3,2,MEDIUM,3
Stiff: The Curious Lives of Human Cadavers,36,★★★,Medium,3,2,MEDIUM,3
The Silent Twin (Detective Jennifer Knight #3),36,★★★,Medium,3,2,MEDIUM,3
"Codename Baboushka, Volume 1: The Conclave of Death",36,★★★★,Medium,4,2,MEDIUM,4
The Great Gatsby,36,★★★★,Medium,4,2,MEDIUM,4
Psycho: Sanitarium (Psycho #1.5),36,★★★★★,Medium,5,2,MEDIUM,5
My Life Next Door (My Life Next Door ),36,★★★★★,Medium,5,2,MEDIUM,5
Annie on My Mind,36,★★★★★,Medium,5,2,MEDIUM,5
The Hook Up (Game On #1),36,★★★★★,Medium,5,2,MEDIUM,5
Mesaerion: The Best Science Fiction Stories 1800-1849,37,★,Medium,1,2,MEDIUM,1
The Gutsy Girl: Escapades for Your Life of Epic Adventure,37,★,Medium,1,2,MEDIUM,1
Tipping Point for Planet Earth: How Close Are We to the Edge?,37,★,Medium,1,2,MEDIUM,1
The Invention of Wings,37,★,Medium,1,2,MEDIUM,1
Sense and Sensibility,37,★,Medium,1,2,MEDIUM,1
How Music Works,37,★★,Medium,2,2,MEDIUM,2
"Don't Be a Jerk: And Other Practical Advice from Dogen, Japan's Greatest Zen Master",37,★★,Medium,2,2,MEDIUM,2
"Bitch Planet, Vol. 1: Extraordinary Machine (Bitch Planet (Collected Editions))",37,★★,Medium,2,2,MEDIUM,2
The Love and Lemons Cookbook: An Apple-to-Zucchini Celebration of Impromptu Cooking,37,★★,Medium,2,2,MEDIUM,2
Chasing Heaven: What Dying Taught Me About Living,37,★★,Medium,2,2,MEDIUM,2
More Than Music (Chasing the Dream #1),37,★★,Medium,2,2,MEDIUM,2
The Name of God is Mercy,37,★★,Medium,2,2,MEDIUM,2
Horrible Bear!,37,★★,Medium,2,2,MEDIUM,2
Catastrophic Happiness: Finding Joy in Childhood's Messy Years,37,★★,Medium,2,2,MEDIUM,2
Under the Tuscan Sun,37,★★★,Medium,3,2,MEDIUM,3
The Purpose Driven Life: What on Earth Am I Here for?,37,★★★,Medium,3,2,MEDIUM,3
"Wonder Woman: Earth One, Volume One (Wonder Woman: Earth One #1)",37,★★★★,Medium,4,2,MEDIUM,4
V for Vendetta (V for Vendetta Complete),37,★★★★,Medium,4,2,MEDIUM,4
Buying In: The Secret Dialogue Between What We Buy and Who We Are,37,★★★★,Medium,4,2,MEDIUM,4
Rook,37,★★★★,Medium,4,2,MEDIUM,4
Death by Leisure: A Cautionary Tale,37,★★★★,Medium,4,2,MEDIUM,4
Bounty (Colorado Mountain #7),37,★★★★,Medium,4,2,MEDIUM,4
The Nerdy Nummies Cookbook: Sweet Treats for the Geek in All of Us,37,★★★★★,Medium,5,2,MEDIUM,5
Done Rubbed Out (Reightman & Bailey #1),37,★★★★★,Medium,5,2,MEDIUM,5
The Song of Achilles,37,★★★★★,Medium,5,2,MEDIUM,5
Demigods & Magicians: Percy and Annabeth Meet the Kanes (Percy Jackson & Kane Chronicles Crossover #1-3),37,★★★★★,Medium,5,2,MEDIUM,5
Good in Bed (Cannie Shapiro #1),37,★★★★★,Medium,5,2,MEDIUM,5
Gone Girl,37,★★★★★,Medium,5,2,MEDIUM,5
"Nightingale, Sing",38,★,Medium,1,2,MEDIUM,1
Searching for Meaning in Gailana,38,★,Medium,1,2,MEDIUM,1
"A la Mode: 120 Recipes in 60 Pairings: Pies, Tarts, Cakes, Crisps, and More Topped with Ice Cream, Gelato, Frozen Custard, and More",38,★,Medium,1,2,MEDIUM,1
This Is Your Brain on Music: The Science of a Human Obsession,38,★,Medium,1,2,MEDIUM,1
Fellside,38,★,Medium,1,2,MEDIUM,1
The Omnivore's Dilemma: A Natural History of Four Meals,38,★★,Medium,2,2,MEDIUM,2
"Naruto (3-in-1 Edition), Vol. 14: Includes Vols. 40, 41 & 42 (Naruto: Omnibus #14)",38,★★,Medium,2,2,MEDIUM,2
In the Woods (Dublin Murder Squad #1),38,★★,Medium,2,2,MEDIUM,2
Drama,38,★★,Medium,2,2,MEDIUM,2
Beowulf,38,★★,Medium,2,2,MEDIUM,2
Awkward,38,★★,Medium,2,2,MEDIUM,2
My Perfect Mistake (Over the Top #1),38,★★,Medium,2,2,MEDIUM,2
Frankenstein,38,★★,Medium,2,2,MEDIUM,2
The Jazz of Physics: The Secret Link Between Music and the Structure of the Universe,38,★★★,Medium,3,2,MEDIUM,3
Neither Here nor There: Travels in Europe,38,★★★,Medium,3,2,MEDIUM,3
The Nameless City (The Nameless City #1),38,★★★★,Medium,4,2,MEDIUM,4
Whole Lotta Creativity Going On: 60 Fun and Unusual Exercises to Awaken and Strengthen Your Creativity,38,★★★★,Medium,4,2,MEDIUM,4
The Crossover,38,★★★★,Medium,4,2,MEDIUM,4
The Artist's Way: A Spiritual Path to Higher Creativity,38,★★★★★,Medium,5,2,MEDIUM,5
Made to Stick: Why Some Ideas Survive and Others Die,38,★★★★★,Medium,5,2,MEDIUM,5
Smarter Faster Better: The Secrets of Being Productive in Life and Business,38,★★★★★,Medium,5,2,MEDIUM,5
If I Stay (If I Stay #1),38,★★★★★,Medium,5,2,MEDIUM,5
Jane Eyre,38,★★★★★,Medium,5,2,MEDIUM,5
The 14th Colony (Cotton Malone #11),39,★,Medium,1,2,MEDIUM,1
A Man Called Ove,39,★,Medium,1,2,MEDIUM,1
The Golden Condom: And Other Essays on Love Lost and Found,39,★,Medium,1,2,MEDIUM,1
The Faith of Christopher Hitchens: The Restless Soul of the World's Most Notorious Atheist,39,★,Medium,1,2,MEDIUM,1
Persepolis: The Story of a Childhood (Persepolis #1-2),39,★,Medium,1,2,MEDIUM,1
Soul Reader,39,★★,Medium,2,2,MEDIUM,2
Security,39,★★,Medium,2,2,MEDIUM,2
When Breath Becomes Air,39,★★,Medium,2,2,MEDIUM,2
The Rise and Fall of the Third Reich: A History of Nazi Germany,39,★★,Medium,2,2,MEDIUM,2
Better Homes and Gardens New Cook Book,39,★★★,Medium,3,2,MEDIUM,3
Where Lightning Strikes (Bleeding Stars #3),39,★★★,Medium,3,2,MEDIUM,3
Fighting Fate (Fighting #6),39,★★★,Medium,3,2,MEDIUM,3
A Paris Apartment,39,★★★★,Medium,4,2,MEDIUM,4
"Ms. Marvel, Vol. 1: No Normal (Ms. Marvel (2014-2015) #1)",39,★★★★,Medium,4,2,MEDIUM,4
Steve Jobs,39,★★★★★,Medium,5,2,MEDIUM,5
Shadows of the Past (Logan Point #1),39,★★★★★,Medium,5,2,MEDIUM,5
King's Folly (The Kinsman Chronicles #1),39,★★★★★,Medium,5,2,MEDIUM,5
Dead Wake: The Last Crossing of the Lusitania,39,★★★★★,Medium,5,2,MEDIUM,5
Ways of Seeing,39,★★★★★,Medium,5,2,MEDIUM,5
Off Sides (Off #1),39,★★★★★,Medium,5,2,MEDIUM,5
Bright Lines,39,★★★★★,Medium,5,2,MEDIUM,5
"Layered: Baking, Building, and Styling Spectacular Cakes",40,★,Medium,1,2,MEDIUM,1
My Kind of Crazy,40,★,Medium,1,2,MEDIUM,1
Lab Girl,40,★,Medium,1,2,MEDIUM,1
Notes from a Small Island (Notes From a Small Island #1),40,★,Medium,1,2,MEDIUM,1
Black Flags: The Rise of ISIS,40,★,Medium,1,2,MEDIUM,1
The Immortal Life of Henrietta Lacks,40,★★,Medium,2,2,MEDIUM,2
Doctor Sleep (The Shining #2),40,★★,Medium,2,2,MEDIUM,2
A People's History of the United States,40,★★,Medium,2,2,MEDIUM,2
Left Behind (Left Behind #1),40,★★,Medium,2,2,MEDIUM,2
Howl and Other Poems,40,★★,Medium,2,2,MEDIUM,2
The Art Forger,40,★★★,Medium,3,2,MEDIUM,3
Dirty (Dive Bar #1),40,★★★★,Medium,4,2,MEDIUM,4
Sister Dear,40,★★★★,Medium,4,2,MEDIUM,4
Deception Point,40,★★★★,Medium,4,2,MEDIUM,4
The Art of Not Breathing,40,★★★★,Medium,4,2,MEDIUM,4
Icing (Aces Hockey #2),40,★★★★,Medium,4,2,MEDIUM,4
Worlds Elsewhere: Journeys Around Shakespeareâs Globe,40,★★★★★,Medium,5,2,MEDIUM,5
"Fruits Basket, Vol. 1 (Fruits Basket #1)",40,★★★★★,Medium,5,2,MEDIUM,5
The Cookies & Cups Cookbook: 125+ sweet & savory recipes reminding you to Always Eat Dessert First,41,★,Medium,1,2,MEDIUM,1
Poses for Artists Volume 1 - Dynamic and Sitting Poses: An Essential Reference for Figure Drawing and the Human Form,41,★,Medium,1,2,MEDIUM,1
Night Sky with Exit Wounds,41,★,Medium,1,2,MEDIUM,1
My Name Is Lucy Barton,41,★,Medium,1,2,MEDIUM,1
Tell Me Three Things,41,★,Medium,1,2,MEDIUM,1
Charity's Cross (Charles Towne Belles #4),41,★,Medium,1,2,MEDIUM,1
The Martian (The Martian #1),41,★★,Medium,2,2,MEDIUM,2
Twilight (Twilight #1),41,★★,Medium,2,2,MEDIUM,2
Tracing Numbers on a Train,41,★★★,Medium,3,2,MEDIUM,3
Spark Joy: An Illustrated Master Class on the Art of Organizing and Tidying Up,41,★★★★,Medium,4,2,MEDIUM,4
The Kite Runner,41,★★★★,Medium,4,2,MEDIUM,4
"Fables, Vol. 1: Legends in Exile (Fables #1)",41,★★★★,Medium,4,2,MEDIUM,4
Furiously Happy: A Funny Book About Horrible Things,41,★★★★,Medium,4,2,MEDIUM,4
The Story of Art,41,★★★★,Medium,4,2,MEDIUM,4
Where She Went (If I Stay #2),41,★★★★,Medium,4,2,MEDIUM,4
"Rise of the Rocket Girls: The Women Who Propelled Us, from Missiles to the Moon to Mars",41,★★★★,Medium,4,2,MEDIUM,4
The Complete Poems,41,★★★★★,Medium,5,2,MEDIUM,5
Inferno (Robert Langdon #4),41,★★★★★,Medium,5,2,MEDIUM,5
While You Were Mine,41,★★★★★,Medium,5,2,MEDIUM,5
The Tumor,41,★★★★★,Medium,5,2,MEDIUM,5
A World of Flavor: Your Gluten Free Passport,42,★,Medium,1,2,MEDIUM,1
Hollow City (Miss Peregrineâs Peculiar Children #2),42,★,Medium,1,2,MEDIUM,1
Evicted: Poverty and Profit in the American City,42,★,Medium,1,2,MEDIUM,1
It's Never Too Late to Begin Again: Discovering Creativity and Meaning at Midlife and Beyond,42,★,Medium,1,2,MEDIUM,1
"Grayson, Vol 3: Nemesis (Grayson #3)",42,★,Medium,1,2,MEDIUM,1
Shatter Me (Shatter Me #1),42,★,Medium,1,2,MEDIUM,1
Twenties Girl,42,★★,Medium,2,2,MEDIUM,2
"Deliciously Ella Every Day: Quick and Easy Recipes for Gluten-Free Snacks, Packed Lunches, and Simple Meals",42,★★★,Medium,3,2,MEDIUM,3
"Girl, Interrupted",42,★★★,Medium,3,2,MEDIUM,3
The Rise of Theodore Roosevelt (Theodore Roosevelt #1),42,★★★,Medium,3,2,MEDIUM,3
"Skip Beat!, Vol. 01 (Skip Beat! #1)",42,★★★,Medium,3,2,MEDIUM,3
The Most Perfect Thing: Inside (and Outside) a Bird's Egg,42,★★★★,Medium,4,2,MEDIUM,4
The Vacationers,42,★★★★,Medium,4,2,MEDIUM,4
The Bourne Identity (Jason Bourne #1),42,★★★★,Medium,4,2,MEDIUM,4
Golden (Heart of Dread #3),42,★★★★,Medium,4,2,MEDIUM,4
The Mathews Men: Seven Brothers and the War Against Hitler's U-boats,42,★★★★★,Medium,5,2,MEDIUM,5
City of Bones (The Mortal Instruments #1),43,★,Medium,1,2,MEDIUM,1
Quench Your Own Thirst: Business Lessons Learned Over a Beer or Two,43,★,Medium,1,2,MEDIUM,1
Ender's Game (The Ender Quintet #1),43,★,Medium,1,2,MEDIUM,1
Quiet: The Power of Introverts in a World That Can't Stop Talking,43,★,Medium,1,2,MEDIUM,1
Beyond Good and Evil,43,★,Medium,1,2,MEDIUM,1
The Power of Now: A Guide to Spiritual Enlightenment,43,★★,Medium,2,2,MEDIUM,2
The Year of Magical Thinking,43,★★,Medium,2,2,MEDIUM,2
"House of Lost Worlds: Dinosaurs, Dynasties, and the Story of Life on Earth",43,★★,Medium,2,2,MEDIUM,2
Crown of Midnight (Throne of Glass #2),43,★★★,Medium,3,2,MEDIUM,3
The Mistake (Off-Campus #2),43,★★★,Medium,3,2,MEDIUM,3
Dress Your Family in Corduroy and Denim,43,★★★,Medium,3,2,MEDIUM,3
The New Drawing on the Right Side of the Brain,43,★★★,Medium,3,2,MEDIUM,3
Meternity,43,★★★,Medium,3,2,MEDIUM,3
The Goldfinch,43,★★★,Medium,3,2,MEDIUM,3
The Exiled,43,★★★,Medium,3,2,MEDIUM,3
Prodigy: The Graphic Novel (Legend: The Graphic Novel #2),43,★★★,Medium,3,2,MEDIUM,3
Eragon (The Inheritance Cycle #1),43,★★★,Medium,3,2,MEDIUM,3
"William Shakespeare's Star Wars: Verily, A New Hope (William Shakespeare's Star Wars #4)",43,★★★★,Medium,4,2,MEDIUM,4
The Joy of Cooking,43,★★★★,Medium,4,2,MEDIUM,4
Legend (Legend #1),43,★★★★,Medium,4,2,MEDIUM,4
The Story of Hong Gildong,43,★★★★,Medium,4,2,MEDIUM,4
Scarlett Epstein Hates It Here,43,★★★★★,Medium,5,2,MEDIUM,5
You (You #1),43,★★★★★,Medium,5,2,MEDIUM,5
The Unlikely Pilgrimage of Harold Fry (Harold Fry #1),43,★★★★★,Medium,5,2,MEDIUM,5
The Lonely Ones,43,★★★★★,Medium,5,2,MEDIUM,5
The Glittering Court (The Glittering Court #1),44,★,Medium,1,2,MEDIUM,1
The Long Haul (Diary of a Wimpy Kid #9),44,★,Medium,1,2,MEDIUM,1
Clockwork Angel (The Infernal Devices #1),44,★,Medium,1,2,MEDIUM,1
I Will Find You,44,★,Medium,1,2,MEDIUM,1
The Devil Wears Prada (The Devil Wears Prada #1),44,★,Medium,1,2,MEDIUM,1
Jurassic Park (Jurassic Park #1),44,★,Medium,1,2,MEDIUM,1
A Summer In Europe,44,★★,Medium,2,2,MEDIUM,2
The Expatriates,44,★★,Medium,2,2,MEDIUM,2
Rework,44,★★,Medium,2,2,MEDIUM,2
Three Wishes (River of Time: California #1),44,★★,Medium,2,2,MEDIUM,2
Settling the Score (The Summer Games #1),44,★★,Medium,2,2,MEDIUM,2
The New Guy (and Other Senior Year Distractions),44,★★★,Medium,3,2,MEDIUM,3
Wall and Piece,44,★★★★,Medium,4,2,MEDIUM,4
"Unseen City: The Majesty of Pigeons, the Discreet Charm of Snails & Other Wonders of the Urban Wilderness",44,★★★★,Medium,4,2,MEDIUM,4
The Murder of Roger Ackroyd (Hercule Poirot #4),44,★★★★,Medium,4,2,MEDIUM,4
The Bane Chronicles (The Bane Chronicles #1-11),44,★★★★,Medium,4,2,MEDIUM,4
Sorting the Beef from the Bull: The Science of Food Fraud Forensics,44,★★★★,Medium,4,2,MEDIUM,4
A Gathering of Shadows (Shades of Magic #2),44,★★★★,Medium,4,2,MEDIUM,4
Heir to the Sky,44,★★★★,Medium,4,2,MEDIUM,4
The Songs of the Gods,44,★★★★★,Medium,5,2,MEDIUM,5
The New Brand You: Your New Image Makes the Sale for You,44,★★★★★,Medium,5,2,MEDIUM,5
"""Most Blessed of the Patriarchs"": Thomas Jefferson and the Empire of the Imagination",44,★★★★★,Medium,5,2,MEDIUM,5
The Book of Basketball: The NBA According to The Sports Guy,44,★★★★★,Medium,5,2,MEDIUM,5
Swell: A Year of Waves,45,★,Medium,1,2,MEDIUM,1
Lies and Other Acts of Love,45,★,Medium,1,2,MEDIUM,1
The Obsession,45,★,Medium,1,2,MEDIUM,1
Let's Pretend This Never Happened: A Mostly True Memoir,45,★,Medium,1,2,MEDIUM,1
It's Only the Himalayas,45,★★,Medium,2,2,MEDIUM,2
Without Borders (Wanderlove #1),45,★★,Medium,2,2,MEDIUM,2
"Unbroken: A World War II Story of Survival, Resilience, and Redemption",45,★★,Medium,2,2,MEDIUM,2
"Fruits Basket, Vol. 3 (Fruits Basket #3)",45,★★,Medium,2,2,MEDIUM,2
The Little Prince,45,★★,Medium,2,2,MEDIUM,2
The Natural History of Us (The Fine Art of Pretending #2),45,★★★,Medium,3,2,MEDIUM,3
"Lumberjanes, Vol. 1: Beware the Kitten Holy (Lumberjanes #1-4)",45,★★★,Medium,3,2,MEDIUM,3
Take Me with You,45,★★★,Medium,3,2,MEDIUM,3
Glory over Everything: Beyond The Kitchen House,45,★★★,Medium,3,2,MEDIUM,3
For the Love: Fighting for Grace in a World of Impossible Standards,45,★★★,Medium,3,2,MEDIUM,3
The Firm,45,★★★,Medium,3,2,MEDIUM,3
Tell the Wind and Fire,45,★★★,Medium,3,2,MEDIUM,3
"Hawkeye, Vol. 1: My Life as a Weapon (Hawkeye #1)",45,★★★,Medium,3,2,MEDIUM,3
The Undomestic Goddess,45,★★★★,Medium,4,2,MEDIUM,4
Kill 'Em and Leave: Searching for James Brown and the American Soul,45,★★★★★,Medium,5,2,MEDIUM,5
Online Marketing for Busy Authors: A Step-By-Step Guide,46,★,Medium,1,2,MEDIUM,1
How to Be Miserable: 40 Strategies You Already Use,46,★,Medium,1,2,MEDIUM,1
Musicophilia: Tales of Music and the Brain,46,★,Medium,1,2,MEDIUM,1
Sarah's Key,46,★,Medium,1,2,MEDIUM,1
"Lumberjanes, Vol. 2: Friendship to the Max (Lumberjanes #5-8)",46,★★,Medium,2,2,MEDIUM,2
Until Friday Night (The Field Party #1),46,★★,Medium,2,2,MEDIUM,2
Carrie,46,★★,Medium,2,2,MEDIUM,2
Unreasonable Hope: Finding Faith in the God Who Brings Purpose to Your Pain,46,★★,Medium,2,2,MEDIUM,2
Finding God in the Ruins: How God Redeems Pain,46,★★,Medium,2,2,MEDIUM,2
A Game of Thrones (A Song of Ice and Fire #1),46,★★,Medium,2,2,MEDIUM,2
Shopaholic & Baby (Shopaholic #5),46,★★,Medium,2,2,MEDIUM,2
Girl in the Blue Coat,46,★★,Medium,2,2,MEDIUM,2
Every Last Word,46,★★★,Medium,3,2,MEDIUM,3
The God Delusion,46,★★★,Medium,3,2,MEDIUM,3
Wild: From Lost to Found on the Pacific Crest Trail,46,★★★,Medium,3,2,MEDIUM,3
Anonymous,46,★★★★,Medium,4,2,MEDIUM,4
salt.,46,★★★★,Medium,4,2,MEDIUM,4
"Living Leadership by Insight: A Good Leader Achieves, a Great Leader Builds Monuments",46,★★★★,Medium,4,2,MEDIUM,4
How to Cook Everything Vegetarian: Simple Meatless Recipes for Great Food (How to Cook Everything),46,★★★★,Medium,4,2,MEDIUM,4
The Star-Touched Queen,46,★★★★★,Medium,5,2,MEDIUM,5
The Silent Sister (Riley MacPherson #1),46,★★★★★,Medium,5,2,MEDIUM,5
How to Stop Worrying and Start Living,46,★★★★★,Medium,5,2,MEDIUM,5
The Beast (Black Dagger Brotherhood #14),46,★★★★★,Medium,5,2,MEDIUM,5
"Rat Queens, Vol. 1: Sass & Sorcery (Rat Queens (Collected Editions) #1-5)",46,★★★★★,Medium,5,2,MEDIUM,5
City of Ashes (The Mortal Instruments #2),47,★,Medium,1,2,MEDIUM,1
Kierkegaard: A Christian Missionary to Christians,47,★,Medium,1,2,MEDIUM,1
The Fault in Our Stars,47,★,Medium,1,2,MEDIUM,1
The Case for Christ (Cases for Christianity),47,★,Medium,1,2,MEDIUM,1
Crazy Love: Overwhelmed by a Relentless God,47,★★,Medium,2,2,MEDIUM,2
Modern Day Fables,47,★★,Medium,2,2,MEDIUM,2
Of Mice and Men,47,★★,Medium,2,2,MEDIUM,2
Robin War,47,★★★,Medium,3,2,MEDIUM,3
"Hush, Hush (Hush, Hush #1)",47,★★★,Medium,3,2,MEDIUM,3
Off the Hook (Fishing for Trouble #1),47,★★★,Medium,3,2,MEDIUM,3
The Hitchhiker's Guide to the Galaxy (Hitchhiker's Guide to the Galaxy #1),47,★★★,Medium,3,2,MEDIUM,3
Sharp Objects,47,★★★★,Medium,4,2,MEDIUM,4
"Will Grayson, Will Grayson (Will Grayson, Will Grayson)",47,★★★★,Medium,4,2,MEDIUM,4
Needful Things,47,★★★★,Medium,4,2,MEDIUM,4
Private Paris (Private #10),47,★★★★★,Medium,5,2,MEDIUM,5
Deep Under (Walker Security #1),47,★★★★★,Medium,5,2,MEDIUM,5
orange: The Complete Collection 1 (orange: The Complete Collection #1),48,★,Medium,1,2,MEDIUM,1
The Dovekeepers,48,★,Medium,1,2,MEDIUM,1
Can You Keep a Secret? (Fear Street Relaunch #4),48,★,Medium,1,2,MEDIUM,1
Sleeping Giants (Themis Files #1),48,★,Medium,1,2,MEDIUM,1
The Thing About Jellyfish,48,★,Medium,1,2,MEDIUM,1
This One Moment (Pushing Limits #1),48,★,Medium,1,2,MEDIUM,1
Stars Above (The Lunar Chronicles #4.5),48,★★,Medium,2,2,MEDIUM,2
Troublemaker: Surviving Hollywood and Scientology,48,★★,Medium,2,2,MEDIUM,2
Why Save the Bankers?: And Other Essays on Our Economic and Political Crisis,48,★★,Medium,2,2,MEDIUM,2
Confessions of a Shopaholic (Shopaholic #1),48,★★,Medium,2,2,MEDIUM,2
See America: A Celebration of Our National Parks & Treasured Sites,48,★★★,Medium,3,2,MEDIUM,3
Art Ops Vol. 1,48,★★★,Medium,3,2,MEDIUM,3
11/22/63,48,★★★,Medium,3,2,MEDIUM,3
Benjamin Franklin: An American Life,48,★★★,Medium,3,2,MEDIUM,3
Mere Christianity,48,★★★,Medium,3,2,MEDIUM,3
Grey (Fifty Shades #4),48,★★★★,Medium,4,2,MEDIUM,4
Art and Fear: Observations on the Perils (and Rewards) of Artmaking,48,★★★★,Medium,4,2,MEDIUM,4
Library of Souls (Miss Peregrineâs Peculiar Children #3),48,★★★★★,Medium,5,2,MEDIUM,5
A Time of Torment (Charlie Parker #14),48,★★★★★,Medium,5,2,MEDIUM,5
Without Shame,48,★★★★★,Medium,5,2,MEDIUM,5
Isla and the Happily Ever After (Anna and the French Kiss #3),48,★★★★★,Medium,5,2,MEDIUM,5
Shopaholic Ties the Knot (Shopaholic #3),48,★★★★★,Medium,5,2,MEDIUM,5
Harry Potter and the Half-Blood Prince (Harry Potter #6),48,★★★★★,Medium,5,2,MEDIUM,5
Something Borrowed (Darcy & Rachel #1),48,★★★★★,Medium,5,2,MEDIUM,5
The Guernsey Literary and Potato Peel Pie Society,49,★,Medium,1,2,MEDIUM,1
Spilled Milk: Based on a True Story,49,★,Medium,1,2,MEDIUM,1
"Black Butler, Vol. 1 (Black Butler #1)",49,★,Medium,1,2,MEDIUM,1
Bossypants,49,★★,Medium,2,2,MEDIUM,2
"The Bulletproof Diet: Lose up to a Pound a Day, Reclaim Energy and Focus, Upgrade Your Life",49,★★★,Medium,3,2,MEDIUM,3
Luckiest Girl Alive,49,★★★,Medium,3,2,MEDIUM,3
Feathers: Displays of Brilliant Plumage,49,★★★,Medium,3,2,MEDIUM,3
The Good Girl,49,★★★,Medium,3,2,MEDIUM,3
Memoirs of a Geisha,49,★★★,Medium,3,2,MEDIUM,3
The Girl with All the Gifts,49,★★★,Medium,3,2,MEDIUM,3
Full Moon over Noahâs Ark: An Odyssey to Mount Ararat and Beyond,49,★★★★,Medium,4,2,MEDIUM,4
Close to You,49,★★★★,Medium,4,2,MEDIUM,4
Raspberry Pi Electronics Projects for the Evil Genius,49,★★★★,Medium,4,2,MEDIUM,4
In Cold Blood,49,★★★★,Medium,4,2,MEDIUM,4
'Salem's Lot,49,★★★★,Medium,4,2,MEDIUM,4
If I Run (If I Run #1),49,★★★★,Medium,4,2,MEDIUM,4
Brain on Fire: My Month of Madness,49,★★★★★,Medium,5,2,MEDIUM,5
10-Day Green Smoothie Cleanse: Lose Up to 15 Pounds in 10 Days!,49,★★★★★,Medium,5,2,MEDIUM,5
Paper and Fire (The Great Library #2),49,★★★★★,Medium,5,2,MEDIUM,5
Crazy Rich Asians (Crazy Rich Asians #1),49,★★★★★,Medium,5,2,MEDIUM,5
Soumission,50,★,Medium,1,2,MEDIUM,1
#GIRLBOSS,50,★,Medium,1,2,MEDIUM,1
Tell the Wolves I'm Home,50,★★,Medium,2,2,MEDIUM,2
The Pilgrim's Progress,50,★★,Medium,2,2,MEDIUM,2
"Rat Queens, Vol. 3: Demons (Rat Queens (Collected Editions) #11-15)",50,★★★,Medium,3,2,MEDIUM,3
Catching Jordan (Hundred Oaks),50,★★★,Medium,3,2,MEDIUM,3
A Hero's Curse (The Unseen Chronicles #1),50,★★★,Medium,3,2,MEDIUM,3
Very Good Lives: The Fringe Benefits of Failure and the Importance of Imagination,50,★★★,Medium,3,2,MEDIUM,3
Rogue Lawyer (Rogue Lawyer #1),50,★★★,Medium,3,2,MEDIUM,3
The Name of the Wind (The Kingkiller Chronicle #1),50,★★★,Medium,3,2,MEDIUM,3
Nightstruck: A Novel,50,★★★★,Medium,4,2,MEDIUM,4
"Fruits Basket, Vol. 4 (Fruits Basket #4)",50,★★★★,Medium,4,2,MEDIUM,4
"We Love You, Charlie Freeman",50,★★★★★,Medium,5,2,MEDIUM,5
Amatus,50,★★★★★,Medium,5,2,MEDIUM,5
"Quarter Life Poetry: Poems for the Young, Broke and Hangry",50,★★★★★,Medium,5,2,MEDIUM,5
Barefoot Contessa at Home: Everyday Recipes You'll Make Over and Over Again,50,★★★★★,Medium,5,2,MEDIUM,5
The High Mountains of Portugal,51,★,Medium,1,2,MEDIUM,1
"Rich Dad, Poor Dad",51,★,Medium,1,2,MEDIUM,1
Do Androids Dream of Electric Sheep? (Blade Runner #1),51,★,Medium,1,2,MEDIUM,1
Libertarianism for Beginners,51,★★,Medium,2,2,MEDIUM,2
"Saga, Volume 5 (Saga (Collected Editions) #5)",51,★★,Medium,2,2,MEDIUM,2
Lowriders to the Center of the Earth (Lowriders in Space #2),51,★★,Medium,2,2,MEDIUM,2
America's War for the Greater Middle East: A Military History,51,★★,Medium,2,2,MEDIUM,2
Holidays on Ice,51,★★,Medium,2,2,MEDIUM,2
A Light in the Attic,51,★★★,Medium,3,2,MEDIUM,3
Angels & Demons (Robert Langdon #1),51,★★★,Medium,3,2,MEDIUM,3
"Friday Night Lights: A Town, a Team, and a Dream",51,★★★,Medium,3,2,MEDIUM,3
When I'm Gone,51,★★★,Medium,3,2,MEDIUM,3
"Eat, Pray, Love",51,★★★,Medium,3,2,MEDIUM,3
Danganronpa Volume 1,51,★★★★,Medium,4,2,MEDIUM,4
"Exit, Pursued by a Bear",51,★★★★,Medium,4,2,MEDIUM,4
The Regional Office Is Under Attack!,51,★★★★★,Medium,5,2,MEDIUM,5
"Eaternity: More than 150 Deliciously Easy Vegan Recipes for a Long, Healthy, Satisfied, Joyful Life",51,★★★★★,Medium,5,2,MEDIUM,5
Leave This Song Behind: Teen Poetry at Its Best,51,★★★★★,Medium,5,2,MEDIUM,5
Brave Enough,51,★★★★★,Medium,5,2,MEDIUM,5
The Black Maria,52,★,Medium,1,2,MEDIUM,1
A Court of Thorns and Roses (A Court of Thorns and Roses #1),52,★,Medium,1,2,MEDIUM,1
Thirteen Reasons Why,52,★,Medium,1,2,MEDIUM,1
"Death Note, Vol. 5: Whiteout (Death Note #5)",52,★,Medium,1,2,MEDIUM,1
The Hidden Oracle (The Trials of Apollo #1),52,★★,Medium,2,2,MEDIUM,2
Heaven is for Real: A Little Boy's Astounding Story of His Trip to Heaven and Back,52,★★,Medium,2,2,MEDIUM,2
"Chronicles, Vol. 1",52,★★,Medium,2,2,MEDIUM,2
The Demonists (Demonist #1),52,★★,Medium,2,2,MEDIUM,2
Seven Days in the Art World,52,★★,Medium,2,2,MEDIUM,2
One Second (Seven #7),52,★★,Medium,2,2,MEDIUM,2
"Overload: How to Unplug, Unwind, and Unleash Yourself from the Pressure of Stress",52,★★★,Medium,3,2,MEDIUM,3
"Shrunken Treasures: Literary Classics, Short, Sweet, and Silly",52,★★★,Medium,3,2,MEDIUM,3
Dracula,52,★★★,Medium,3,2,MEDIUM,3
Behind Closed Doors,52,★★★★,Medium,4,2,MEDIUM,4
Why the Right Went Wrong: Conservatism--From Goldwater to the Tea Party and Beyond,52,★★★★,Medium,4,2,MEDIUM,4
The Testament of Mary,52,★★★★,Medium,4,2,MEDIUM,4
Vogue Colors A to Z: A Fashion Coloring Book,52,★★★★,Medium,4,2,MEDIUM,4
The Demon-Haunted World: Science as a Candle in the Dark,52,★★★★,Medium,4,2,MEDIUM,4
Diary of a Minecraft Zombie Book 1: A Scare of a Dare (An Unofficial Minecraft Book),52,★★★★,Medium,4,2,MEDIUM,4
Scott Pilgrim's Precious Little Life (Scott Pilgrim #1),52,★★★★★,Medium,5,2,MEDIUM,5
Someone Like You (The Harrisons #2),52,★★★★★,Medium,5,2,MEDIUM,5
The Art and Science of Low Carbohydrate Living,52,★★★★★,Medium,5,2,MEDIUM,5
The Bachelor Girl's Guide to Murder (Herringford and Watts Mysteries #1),52,★★★★★,Medium,5,2,MEDIUM,5
A Short History of Nearly Everything,52,★★★★★,Medium,5,2,MEDIUM,5
The Nanny Diaries (Nanny #1),52,★★★★★,Medium,5,2,MEDIUM,5
The Husband's Secret,52,★★★★★,Medium,5,2,MEDIUM,5
Tipping the Velvet,53,★,Medium,1,2,MEDIUM,1
"We Are Robin, Vol. 1: The Vigilante Business (We Are Robin #1)",53,★,Medium,1,2,MEDIUM,1
"Trespassing Across America: One Man's Epic, Never-Done-Before (and Sort of Illegal) Hike Across the Heartland",53,★,Medium,1,2,MEDIUM,1
Girl Online On Tour (Girl Online #2),53,★,Medium,1,2,MEDIUM,1
1st to Die (Women's Murder Club #1),53,★,Medium,1,2,MEDIUM,1
Judo: Seven Steps to Black Belt (an Introductory Guide for Beginners),53,★★,Medium,2,2,MEDIUM,2
32 Yolks,53,★★,Medium,2,2,MEDIUM,2
The Book Thief,53,★★,Medium,2,2,MEDIUM,2
Vampire Girl (Vampire Girl #1),53,★★,Medium,2,2,MEDIUM,2
Aladdin and His Wonderful Lamp,53,★★★,Medium,3,2,MEDIUM,3
Luis Paints the World,53,★★★,Medium,3,2,MEDIUM,3
Take Me Home Tonight (Rock Star Romance #3),53,★★★,Medium,3,2,MEDIUM,3
What If?: Serious Scientific Answers to Absurd Hypothetical Questions,53,★★★★,Medium,4,2,MEDIUM,4
Finders Keepers (Bill Hodges Trilogy #2),53,★★★★★,Medium,5,2,MEDIUM,5
Out of Print: City Lights Spotlight No. 14,53,★★★★★,Medium,5,2,MEDIUM,5
The Blind Side: Evolution of a Game,53,★★★★★,Medium,5,2,MEDIUM,5
Lady Renegades (Rebel Belle #3),53,★★★★★,Medium,5,2,MEDIUM,5
The Rosie Project (Don Tillman #1),54,★,Medium,1,2,MEDIUM,1
The Alien Club,54,★,Medium,1,2,MEDIUM,1
Proofs of God: Classical Arguments from Tertullian to Barth,54,★,Medium,1,2,MEDIUM,1
Something Blue (Darcy & Rachel #2),54,★,Medium,1,2,MEDIUM,1
House of Leaves,54,★,Medium,1,2,MEDIUM,1
Dune (Dune #1),54,★,Medium,1,2,MEDIUM,1
"The Sandman, Vol. 2: The Doll's House (The Sandman (volumes) #2)",54,★,Medium,1,2,MEDIUM,1
The Light of the Fireflies,54,★,Medium,1,2,MEDIUM,1
Everydata: The Misinformation Hidden in the Little Data You Consume Every Day,54,★★,Medium,2,2,MEDIUM,2
The Last Mile (Amos Decker #2),54,★★,Medium,2,2,MEDIUM,2
"Eat Fat, Get Thin",54,★★,Medium,2,2,MEDIUM,2
Birdsong: A Story in Pictures,54,★★★,Medium,3,2,MEDIUM,3
The Murder That Never Was (Forensic Instincts #5),54,★★★,Medium,3,2,MEDIUM,3
I am a Hero Omnibus Volume 1,54,★★★,Medium,3,2,MEDIUM,3
"The Sandman, Vol. 1: Preludes and Nocturnes (The Sandman (volumes) #1)",54,★★★,Medium,3,2,MEDIUM,3
Eureka Trivia 6.0,54,★★★★,Medium,4,2,MEDIUM,4
No Love Allowed (Dodge Cove #1),54,★★★★,Medium,4,2,MEDIUM,4
Murder at the 42nd Street Library (Raymond Ambler #1),54,★★★★,Medium,4,2,MEDIUM,4
Sapiens: A Brief History of Humankind,54,★★★★★,Medium,5,2,MEDIUM,5
(Un)Qualified: How God Uses Broken People to Do Big Things,54,★★★★★,Medium,5,2,MEDIUM,5
Suzie Snowflake: One beautiful flake (a self-esteem story),54,★★★★★,Medium,5,2,MEDIUM,5
A Heartbreaking Work of Staggering Genius,54,★★★★★,Medium,5,2,MEDIUM,5
The Matchmaker's Playbook (Wingmen Inc. #1),55,★,High,1,3,HIGH,1
Don't Get Caught,55,★,High,1,3,HIGH,1
A Brush of Wings (Angels Walking #3),55,★,High,1,3,HIGH,1
"The Fabric of the Cosmos: Space, Time, and the Texture of Reality",55,★,High,1,3,HIGH,1
Alice in Wonderland (Alice's Adventures in Wonderland #1),55,★,High,1,3,HIGH,1
The Girl on the Train,55,★★,High,2,3,HIGH,2
Suddenly in Love (Lake Haven #1),55,★★,High,2,3,HIGH,2
The Last Painting of Sara de Vos,55,★★,High,2,3,HIGH,2
Midnight Riot (Peter Grant/ Rivers of London - books #1),55,★★,High,2,3,HIGH,2
Old Records Never Die: One Man's Quest for His Vinyl and His Past,55,★★,High,2,3,HIGH,2
The Perks of Being a Wallflower,55,★★★,High,3,3,HIGH,3
Shtum,55,★★★★,High,4,3,HIGH,4
Being Mortal: Medicine and What Matters in the End,55,★★★★,High,4,3,HIGH,4
The Hiding Place,55,★★★★,High,4,3,HIGH,4
A Flight of Arrows (The Pathfinders #2),55,★★★★★,High,5,3,HIGH,5
Future Shock (Future Shock #1),55,★★★★★,High,5,3,HIGH,5
A New Earth: Awakening to Your Life's Purpose,55,★★★★★,High,5,3,HIGH,5
"The Sandman, Vol. 3: Dream Country (The Sandman (volumes) #3)",55,★★★★★,High,5,3,HIGH,5
"Lamb: The Gospel According to Biff, Christ's Childhood Pal",55,★★★★★,High,5,3,HIGH,5
The Secret of Dreadwillow Carse,56,★,High,1,3,HIGH,1
"The Pioneer Woman Cooks: Dinnertime: Comfort Classics, Freezer Food, 16-Minute Meals, and Other Delicious Ways to Solve Supper!",56,★,High,1,3,HIGH,1
The Electric Pencil: Drawings from Inside State Hospital No. 3,56,★,High,1,3,HIGH,1
Equal Is Unfair: America's Misguided Fight Against Income Inequality,56,★,High,1,3,HIGH,1
I'll Give You the Sun,56,★,High,1,3,HIGH,1
A Walk to Remember,56,★,High,1,3,HIGH,1
Darkfever (Fever #1),56,★,High,1,3,HIGH,1
Are We Smart Enough to Know How Smart Animals Are?,56,★,High,1,3,HIGH,1
Masks and Shadows,56,★★,High,2,3,HIGH,2
"A Series of Catastrophes and Miracles: A True Story of Love, Science, and Cancer",56,★★,High,2,3,HIGH,2
The Dinner Party,56,★★,High,2,3,HIGH,2
Packing for Mars: The Curious Science of Life in the Void,56,★★,High,2,3,HIGH,2
It Didn't Start with You: How Inherited Family Trauma Shapes Who We Are and How to End the Cycle,56,★★★,High,3,3,HIGH,3
A Shard of Ice (The Black Symphony Saga #1),56,★★★,High,3,3,HIGH,3
The Wild Robot,56,★★★,High,3,3,HIGH,3
The Past Never Ends,56,★★★★,High,4,3,HIGH,4
The Wright Brothers,56,★★★★,High,4,3,HIGH,4
City of Glass (The Mortal Instruments #3),56,★★★★,High,4,3,HIGH,4
Between the World and Me,56,★★★★,High,4,3,HIGH,4
Fun Home: A Family Tragicomic,56,★★★★,High,4,3,HIGH,4
A Year in Provence (Provence #1),56,★★★★,High,4,3,HIGH,4
"Giant Days, Vol. 1 (Giant Days #1-4)",56,★★★★,High,4,3,HIGH,4
"A Piece of Sky, a Grain of Rice: A Memoir in Four Meditations",56,★★★★★,High,5,3,HIGH,5
Abstract City,56,★★★★★,High,5,3,HIGH,5
Eleanor & Park,56,★★★★★,High,5,3,HIGH,5
The False Prince (The Ascendance Trilogy #1),56,★★★★★,High,5,3,HIGH,5
Into the Wild,56,★★★★★,High,5,3,HIGH,5
The Girl Who Kicked the Hornet's Nest (Millennium Trilogy #3),57,★,High,1,3,HIGH,1
"Miracles from Heaven: A Little Girl, Her Journey to Heaven, and Her Amazing Story of Healing",57,★,High,1,3,HIGH,1
The Stand,57,★★,High,2,3,HIGH,2
Me Talk Pretty One Day,57,★★,High,2,3,HIGH,2
"Our Band Could Be Your Life: Scenes from the American Indie Underground, 1981-1991",57,★★★,High,3,3,HIGH,3
Slow States of Collapse: Poems,57,★★★,High,3,3,HIGH,3
Animal Farm,57,★★★,High,3,3,HIGH,3
The Bhagavad Gita,57,★★★,High,3,3,HIGH,3
I Had a Nice Time And Other Lies...: How to find love & sh*t like that,57,★★★★,High,4,3,HIGH,4
John Adams,57,★★★★,High,4,3,HIGH,4
The Raven Boys (The Raven Cycle #1),57,★★★★,High,4,3,HIGH,4
The No. 1 Ladies' Detective Agency (No. 1 Ladies' Detective Agency #1),57,★★★★,High,4,3,HIGH,4
"Ajin: Demi-Human, Volume 1 (Ajin: Demi-Human #1)",57,★★★★,High,4,3,HIGH,4
Immunity: How Elie Metchnikoff Changed the Course of Modern Medicine,57,★★★★★,High,5,3,HIGH,5
El Deafo,57,★★★★★,High,5,3,HIGH,5
The Sound Of Love,57,★★★★★,High,5,3,HIGH,5
"The Disappearing Spoon: And Other True Tales of Madness, Love, and the History of the World from the Periodic Table of the Elements",57,★★★★★,High,5,3,HIGH,5
H is for Hawk,57,★★★★★,High,5,3,HIGH,5
Travels with Charley: In Search of America,57,★★★★★,High,5,3,HIGH,5
Kitchens of the Great Midwest,57,★★★★★,High,5,3,HIGH,5
"Unstuffed: Decluttering Your Home, Mind, and Soul",58,★,High,1,3,HIGH,1
Miller's Valley,58,★★,High,2,3,HIGH,2
The Lover's Dictionary,58,★★,High,2,3,HIGH,2
Hamilton: The Revolution,58,★★★,High,3,3,HIGH,3
Silence in the Dark (Logan Point #4),58,★★★,High,3,3,HIGH,3
Candide,58,★★★,High,3,3,HIGH,3
Shameless,58,★★★,High,3,3,HIGH,3
Listen to Me (Fusion #1),58,★★★,High,3,3,HIGH,3
The Death of Humanity: and the Case for Life,58,★★★★,High,4,3,HIGH,4
The White Cat and the Monk: A Retelling of the Poem âPangur BÃ¡nâ,58,★★★★,High,4,3,HIGH,4
Aristotle and Dante Discover the Secrets of the Universe (Aristotle and Dante Discover the Secrets of the Universe #1),58,★★★★,High,4,3,HIGH,4
Watchmen,58,★★★★,High,4,3,HIGH,4
Unlimited Intuition Now,58,★★★★,High,4,3,HIGH,4
Catherine the Great: Portrait of a Woman,58,★★★★,High,4,3,HIGH,4
Alight (The Generations Trilogy #2),58,★★★★,High,4,3,HIGH,4
The Rose & the Dagger (The Wrath and the Dawn #2),58,★★★★,High,4,3,HIGH,4
Myriad (Prentor #1),58,★★★★,High,4,3,HIGH,4
How to Speak Golf: An Illustrated Guide to Links Lingo,58,★★★★★,High,5,3,HIGH,5
Digital Fortress,58,★★★★★,High,5,3,HIGH,5
Approval Junkie: Adventures in Caring Too Much,58,★★★★★,High,5,3,HIGH,5
Thomas Jefferson and the Tripoli Pirates: The Forgotten War That Changed American History,59,★,High,1,3,HIGH,1
The Improbability of Love,59,★,High,1,3,HIGH,1
Civilization and Its Discontents,59,★★,High,2,3,HIGH,2
The Diary of a Young Girl,59,★★★,High,3,3,HIGH,3
Boar Island (Anna Pigeon #19),59,★★★,High,3,3,HIGH,3
Last One Home (New Beginnings #1),59,★★★,High,3,3,HIGH,3
The Perfect Play (Play by Play #1),59,★★★,High,3,3,HIGH,3
The Bone Hunters (Lexy Vaughan & Steven Macaulay #2),59,★★★,High,3,3,HIGH,3
The Gray Rhino: How to Recognize and Act on the Obvious Dangers We Ignore,59,★★★★,High,4,3,HIGH,4
The Man Who Mistook His Wife for a Hat and Other Clinical Tales,59,★★★★,High,4,3,HIGH,4
The Barefoot Contessa Cookbook,59,★★★★★,High,5,3,HIGH,5
Life Without a Recipe,59,★★★★★,High,5,3,HIGH,5
